Area,GCAM_region_ID,,,iso,,,# File: iso_GCAM_regID.csv
Aruba,9,,,abw,,,# Title: ISO to GCAM region mapping
Afghanistan,27,,,afg,,,# Units: NA
Angola,4,,,ago,,,# Description: Maps iso codes to GCAM regions (including composites as necessary)
Anguilla,9,,,aia,,,# Column types: ccci
Albania,15,,,alb,,,# ----------
Andorra,13,,,and,,,
Netherlands Antilles,9,,,ant,,,
United Arab Emirates,21,,,are,,,
Argentina,31,,,arg,,,
Armenia,10,,,arm,,,
American Samoa,29,,,asm,,,
Antigua and Barbuda,9,,,atg,,,
Australia,6,,,aus,,,
Austria,13,,,aut,,,
Azerbaijan,10,,,aze,,,
Burundi,2,,,bdi,,,
Belgium,13,,,bel,,,
Belgium-Luxembourg,13,,,,,,
Benin,5,,,ben,,,
"Bonaire, Sint Eustatius and Saba",9,,,bes,,,
Burkina Faso,5,,,bfa,,,
Bangladesh,27,,,bgd,,,
Bulgaria,12,,,bgr,,,
Bahrain,21,,,bhr,,,
Bahamas,9,,,bhs,,,
Bosnia and Herzegovina,15,,,bih,,,
Saint Barthelemy,9,,,blm,,,
Belarus,15,,,blr,,,
Belize,9,,,blz,,,
Bermuda,9,,,bmu,,,
Bolivia (Plurinational State of),26,,,bol,,,
Brazil,7,,,bra,,,
Barbados,9,,,brb,,,
Brunei Darussalam,29,,,brn,,,
Bhutan,27,,,btn,,,
Botswana,4,,,bwa,,,
Central African Republic,5,,,caf,,,
Canada,8,,,can,,,
Cocos (Keeling) Islands,29,,,cck,,,
Switzerland,16,,,che,,,
Channel Islands,13,,,chi,,,
Chile,26,,,chl,,,
"China, mainland",11,,,chn,,,
China,11,,,,,,
Côte d'Ivoire,5,,,civ,,,
Cameroon,5,,,cmr,,,
Democratic Republic of the Congo,5,,,cod,,,
Congo,5,,,cog,,,
Cook Islands,29,,,cok,,,
Colombia,32,,,col,,,
Comoros,2,,,com,,,
Cabo Verde,5,,,cpv,,,
Costa Rica,9,,,cri,,,
Cuba,9,,,cub,,,
Curacao,9,,,cuw,,,
Cayman Islands,9,,,cym,,,
Cyprus,12,,,cyp,,,
Christmas Island,29,,,cxr,,,
Czechia,12,,,cze,,,
Czechoslovakia,12,,,,,,
Germany,13,,,deu,,,
Djibouti,2,,,dji,,,
Dominica,9,,,dma,,,
Denmark,13,,,dnk,,,
Dominican Republic,9,,,dom,,,
Algeria,3,,,dza,,,
Ecuador,26,,,ecu,,,
Egypt,3,,,egy,,,
Eritrea,2,,,eri,,,
Western Sahara,3,,,esh,,,
Spain,13,,,esp,,,
Estonia,12,,,est,,,
Ethiopia,2,,,eth,,,
Ethiopia PDR,2,,,,,,
Finland,13,,,fin,,,
Fiji,29,,,fji,,,
Falkland Islands (Malvinas),13,,,flk,,,
France,13,,,fra,,,
Faroe Islands,13,,,fro,,,
Micronesia (Federated States of),29,,,fsm,,,
Gabon,5,,,gab,,,
United Kingdom of Great Britain and Northern Ireland,13,,,gbr,,,
Georgia,10,,,geo,,,
Guernsey,13,,,ggy,,,
Ghana,5,,,gha,,,
Gibraltar,13,,,gib,,,
Guinea,5,,,gin,,,
Guadeloupe,9,,,glp,,,
Gambia,5,,,gmb,,,
Guinea-Bissau,5,,,gnb,,,
Equatorial Guinea,5,,,gnq,,,
Greece,13,,,grc,,,
Grenada,9,,,grd,,,
Greenland,13,,,grl,,,
Guatemala,9,,,gtm,,,
French Guiana,25,,,guf,,,
Guam,29,,,gum,,,
Guyana,25,,,guy,,,
"China, Hong Kong SAR",11,,,hkg,,,
Honduras,9,,,hnd,,,
Croatia,15,,,hrv,,,
Haiti,9,,,hti,,,
Hungary,12,,,hun,,,
Indonesia,18,,,idn,,,
Isle of Man,13,,,imn,,,
India,17,,,ind,,,
Ireland,13,,,irl,,,
Iran (Islamic Republic of),21,,,irn,,,
Iraq,21,,,irq,,,
Iceland,16,,,isl,,,
Israel,21,,,isr,,,
Italy,13,,,ita,,,
Jamaica,9,,,jam,,,
Jersey,13,,,jey,,,
Jordan,21,,,jor,,,
Japan,19,,,jpn,,,
Kazakhstan,10,,,kaz,,,
Kenya,2,,,ken,,,
Kyrgyzstan,10,,,kgz,,,
Cambodia,29,,,khm,,,
Kiribati,29,,,kir,,,
Saint Kitts and Nevis,9,,,kna,,,
Republic of Korea,28,,,kor,,,
Kuwait,21,,,kwt,,,
Lao People's Democratic Republic,29,,,lao,,,
Lebanon,21,,,lbn,,,
Liberia,5,,,lbr,,,
Libya,3,,,lby,,,
Saint Lucia,9,,,lca,,,
Liechtenstein,16,,,lie,,,
Sri Lanka,27,,,lka,,,
Lesotho,4,,,lso,,,
Lithuania,12,,,ltu,,,
Luxembourg,13,,,lux,,,
Latvia,12,,,lva,,,
"China, Macao SAR",11,,,mac,,,
Saint Martin,9,,,maf,,,
Morocco,3,,,mar,,,
Monaco,13,,,mco,,,
Republic of Moldova,15,,,mda,,,
Madagascar,2,,,mdg,,,
Maldives,27,,,mdv,,,
Mexico,20,,,mex,,,
Marshall Islands,29,,,mhl,,,
North Macedonia,15,,,mkd,,,
Mali,5,,,mli,,,
Malta,12,,,mlt,,,
Myanmar,29,,,mmr,,,
Montenegro,15,,,mne,,,
Mongolia,10,,,mng,,,
Northern Mariana Islands,29,,,mnp,,,
Mozambique,4,,,moz,,,
Mauritania,5,,,mrt,,,
Montserrat,9,,,msr,,,
Martinique,9,,,mtq,,,
Mauritius,2,,,mus,,,
Malawi,4,,,mwi,,,
Malaysia,29,,,mys,,,
Mayotte,29,,,myt,,,
Namibia,4,,,nam,,,
New Caledonia,29,,,ncl,,,
Niger,5,,,ner,,,
Norfolk Island,29,,,nfk,,,
Nigeria,5,,,nga,,,
Nicaragua,9,,,nic,,,
Niue,29,,,niu,,,
Netherlands (Kingdom of the),13,,,nld,,,
Norway,16,,,nor,,,
Nepal,27,,,npl,,,
Nauru,29,,,nru,,,
New Zealand,6,,,nzl,,,
Oman,21,,,omn,,,
Pakistan,22,,,pak,,,
Panama,9,,,pan,,,
Pacific Islands Trust Territory,29,,,pci,,,
Pitcairn Islands,29,,,pcn,,,
Peru,26,,,per,,,
Philippines,29,,,phl,,,
Palau,29,,,plw,,,
Papua New Guinea,29,,,png,,,
Poland,12,,,pol,,,
Puerto Rico,1,,,pri,,,
Democratic People's Republic of Korea,29,,,prk,,,
Portugal,13,,,prt,,,
Paraguay,26,,,pry,,,
Palestine,21,,,pse,,,
French Polynesia,29,,,pyf,,,
Qatar,21,,,qat,,,
Réunion,2,,,reu,,,
Romania,12,,,rom,,,
Romania,12,,,rou,,,
Russian Federation,23,,,rus,,,
Rwanda,2,,,rwa,,,
Saudi Arabia,21,,,sau,,,
Serbia and Montenegro,15,,,scg,,,
Sudan (former),2,,,,,,
Sudan,2,,,sdn,,,
Senegal,5,,,sen,,,
Singapore,29,,,sgp,,,
"Ascension, Saint Helena and Tristan da Cunha",13,,,shn,,,
Svalbard and Jan Mayen Islands,16,,,sjm,,,
Solomon Islands,29,,,slb,,,
Sierra Leone,5,,,sle,,,
El Salvador,9,,,slv,,,
San Marino,13,,,smr,,,
Somalia,2,,,som,,,
Saint Pierre and Miquelon,13,,,spm,,,
Serbia,15,,,srb,,,
South Sudan,2,,,ssd,,,
Sao Tome and Principe,5,,,stp,,,
Suriname,25,,,sur,,,
Slovakia,12,,,svk,,,
Slovenia,12,,,svn,,,
Sweden,13,,,swe,,,
Eswatini,4,,,esw,,,
Sint Maarten,9,,,sxm,,,
Seychelles,29,,,syc,,,
Syrian Arab Republic,21,,,syr,,,
Turks and Caicos,13,,,tca,,,
Chad,5,,,tcd,,,
Togo,5,,,tgo,,,
Thailand,29,,,tha,,,
Tajikistan,10,,,tjk,,,
Tokelau,29,,,tkl,,,
Turkmenistan,10,,,tkm,,,
Timor-Leste,29,,,tls,,,
Tonga,29,,,ton,,,
Trinidad and Tobago,9,,,tto,,,
Tunisia,3,,,tun,,,
Türkiye,15,,,tur,,,
Tuvalu,29,,,tuv,,,
"China, Taiwan Province of",30,,,twn,,,
United Republic of Tanzania,4,,,tza,,,
Uganda,2,,,uga,,,
Ukraine,14,,,ukr,,,
Uruguay,26,,,ury,,,
United States of America,1,,,usa,,,
Uzbekistan,10,,,uzb,,,
Vatican,13,,,vat,,,
Saint Vincent and the Grenadines,9,,,vct,,,
Venezuela (Bolivarian Republic of),25,,,ven,,,
British Virgin Islands,13,,,vgb,,,
United States Virgin Islands,1,,,vir,,,
Viet Nam,29,,,vnm,,,
Vanuatu,29,,,vut,,,
Wallis and Futuna Islands,13,,,wlf,,,
Samoa,29,,,wsm,,,
Kosovo,15,,,xkx,,,
Yemen,21,,,yem,,,
Yugoslav SFR,15,,,yug,,,
South Africa,24,,,zaf,,,
Zambia,4,,,zmb,,,
Zimbabwe,4,,,zwe,,,
